{
  "pick": {
    "x": 447.1538,
    "y": 113.3208,
    "z": 374.5813,
    "roll": 179.058249,
    "pitch": 1.758751,
    "yaw": -0.941198
  },
  "place": {
    "x": 235.1209,
    "y": 40.6372,
    "z": 63.2244,
    "roll": 179.696639,
    "pitch": 1.776226,
    "yaw": -4.400144
  },
  "safe": {
    "x": 281.4726,
    "y": 66.6849,
    "z": 334.2007,
    "roll": 179.674637,
    "pitch": -0.960048,
    "yaw": -1.516963
  }
}